user_id,page_views,add_to_cart,purchase,use_count,days_to_first_use,days_since_last_use,年龄,职业,性别,使用频率（次/周）,主要使用时间,使用时间段,cluster
376.94,0.95,1.02,0.0,0.0,3.01,79.74,29.16,运营人员,男,3.7,15:00-17:00,20:00-22:00,2
364.21,0.95,1.06,0.0,0.0,3.55,232.51,19.68,大学生,女,2.83,9:00-11:00,20:00-23:00,2
297.07,0.98,0.0,0.0,0.0,0.99,612.55,34.64,教培机构人员,女,2.89,9:00-11:00,07:00-09:00,1
93.81,0.95,0.0,0.0,0.0,6.02,172.05,13.36,初中生,男,5.15,20:00-21:30,19:00-22:00,1
279.74,1.03,0.0,0.0,0.0,4.34,58.98,21.29,大学生,女,4.01,20:00-21:30,18:00-20:00,1
180.9,0.99,0.0,0.0,0.0,6.44,318.81,46.63,公务员,女,3.94,17:00-19:00,07:00-09:00,1
445.5,1.02,0.0,0.0,0.0,3.0,96.92,19.16,高中生,男,5.19,20:30-22:00,18:00-21:00,1
192.37,0.96,0.0,0.0,0.0,6.13,45.4,19.52,大学生,女,4.87,17:00-19:00,18:00-20:00,1
233.63,0.88,0.99,0.97,1.02,3.98,189.35,49.57,教师,女,3.88,17:00-19:00,07:00-09:00,0
261.86,1.01,1.09,0.94,0.99,3.98,203.24,48.89,教师,女,3.7,17:00-19:00,07:00-09:00,0
90.89,1.01,0.0,0.0,0.0,1.01,124.8,11.8,初中生,男,6.84,9:00-11:00,18:00-21:00,1
276.01,1.01,0.0,0.0,0.0,3.05,46.57,21.97,大学生,男,2.89,9:00-11:00,18:00-20:00,1
440.76,1.0,1.06,0.9,1.0,6.81,88.34,14.96,初中生,女,6.76,17:00-19:00,19:00-22:00,0
66.12,0.98,0.0,0.0,0.0,0.0,224.53,40.25,教培机构人员,男,1.1,20:00-21:30,12:00-14:00,1
64.78,0.97,0.0,0.0,0.0,3.2,237.58,56.7,教师,女,3.08,9:00-11:00,12:00-14:00,1
68.86,1.01,1.02,0.93,0.96,6.73,0.0,19.52,大学生,女,4.72,20:30-22:00,18:00-20:00,0
335.89,1.04,0.0,0.0,0.0,0.0,50.1,40.4,销售经理,女,2.98,20:00-21:30,20:00-22:00,1
92.43,1.03,0.0,0.0,0.0,0.98,126.47,12.09,初中生,男,6.89,9:00-11:00,18:00-21:00,1
213.21,0.92,0.0,0.0,0.0,0.0,32.39,57.46,教培机构人员,女,3.77,19:00-21:00,07:00-09:00,1
227.37,1.05,0.0,0.0,0.0,6.79,200.56,15.62,初中生,男,7.35,9:00-11:00,19:00-22:00,1
323.93,1.05,0.0,0.0,0.0,0.0,50.95,36.49,销售经理,女,3.0,20:00-21:30,20:00-22:00,1
353.09,0.97,0.0,0.0,0.0,0.0,90.97,14.39,初中生,男,7.4,17:00-19:00,18:00-21:00,1
415.4,0.93,0.0,0.0,0.0,7.37,46.04,20.08,大学生,女,2.93,17:00-19:00,18:00-20:00,1
175.0,1.04,0.0,0.0,0.0,6.29,349.04,54.89,公务员,女,4.39,17:00-19:00,07:00-09:00,1
108.71,1.07,0.99,0.0,0.0,5.09,202.65,17.6,高中生,女,5.27,20:00-21:30,18:00-21:00,2
285.46,1.03,0.0,0.0,0.0,3.08,125.92,12.96,初中生,男,6.32,20:00-21:30,19:00-22:00,1
449.78,0.97,0.0,0.0,0.0,4.99,328.45,17.24,高中生,女,6.15,20:00-21:30,18:00-21:00,1
62.95,1.04,0.0,0.0,0.0,3.01,198.38,58.29,教师,女,3.07,9:00-11:00,12:00-14:00,1
163.64,1.11,0.0,0.0,0.0,1.06,1.0,17.48,高中生,男,5.91,9:00-11:00,19:00-22:00,1
309.78,1.03,1.06,0.0,0.0,0.0,250.98,20.57,大学生,女,5.33,20:30-22:00,18:00-20:00,2
382.56,0.95,0.0,0.0,0.0,0.0,145.58,14.06,高中生,男,6.0,17:00-19:00,19:00-22:00,1
157.32,1.07,0.0,0.0,0.0,7.04,205.03,53.58,教培机构人员,女,1.94,15:00-17:00,07:00-09:00,1
195.45,0.99,0.0,0.0,0.0,5.55,251.85,21.8,大学生,男,4.16,20:30-22:00,18:00-20:00,1
246.74,1.0,0.0,0.0,0.0,3.77,470.87,56.42,教师,男,1.97,20:00-21:30,07:00-09:00,1
427.46,1.04,0.0,0.0,0.0,7.01,48.88,20.89,大学生,女,3.04,17:00-19:00,18:00-20:00,1
292.66,1.06,1.02,0.0,0.0,0.0,167.27,15.17,初中生,女,7.05,17:00-19:00,19:00-22:00,2
299.76,1.06,0.0,0.0,0.0,1.12,605.46,34.47,教培机构人员,女,3.15,9:00-11:00,07:00-09:00,1
227.33,0.95,0.0,0.0,0.0,4.89,342.21,35.0,销售经理,男,0.99,9:00-11:00,07:00-09:00,1
237.32,1.05,0.0,0.0,0.0,5.02,374.26,37.44,销售经理,男,1.03,9:00-11:00,07:00-09:00,1
131.4,1.07,0.0,0.0,0.0,6.25,191.4,16.16,高中生,女,4.86,17:00-19:00,19:00-22:00,1
219.69,0.99,0.0,0.0,0.0,4.71,363.17,36.14,销售经理,男,1.03,9:00-11:00,07:00-09:00,1
469.89,1.02,1.01,1.04,0.85,0.0,75.66,15.54,高中生,女,4.94,9:00-11:00,19:00-22:00,0
412.39,0.91,0.0,0.0,0.0,6.33,91.07,19.51,大学生,男,5.22,9:00-11:00,20:00-23:00,1
373.02,1.0,0.0,0.0,0.0,0.0,93.51,13.18,初中生,男,7.34,17:00-19:00,18:00-21:00,1
68.82,0.95,0.0,0.0,0.0,0.0,226.47,39.54,教培机构人员,男,1.01,20:00-21:30,12:00-14:00,1
475.96,1.04,1.0,0.92,1.02,0.0,72.63,14.77,高中生,女,4.86,9:00-11:00,19:00-22:00,0
171.03,1.02,0.0,0.0,0.0,0.98,179.73,28.11,自由职业者,女,2.94,15:00-17:00,07:00-09:00,1
196.89,1.05,0.0,0.0,0.0,7.61,369.51,55.49,公务员,女,4.0,17:00-19:00,07:00-09:00,1
287.48,1.04,0.0,0.0,0.0,7.43,29.88,55.92,教师,男,3.87,20:00-21:30,12:00-14:00,1
210.51,0.99,0.0,0.0,0.0,7.52,47.56,11.16,初中生,男,7.12,9:00-11:00,19:00-22:00,1
65.19,1.03,0.0,0.0,0.0,0.98,49.47,23.59,大学生,男,6.27,15:00-17:00,20:00-23:00,1
352.95,1.06,0.98,1.0,0.95,7.51,284.11,18.8,高中生,男,5.48,15:00-17:00,19:00-22:00,0
148.1,1.07,0.0,0.0,0.0,0.95,1.02,16.05,高中生,男,5.97,9:00-11:00,19:00-22:00,1
387.34,0.95,0.0,0.0,0.0,6.83,49.08,19.75,大学生,女,3.21,17:00-19:00,18:00-20:00,1
486.11,0.96,0.0,0.0,0.0,1.03,142.34,49.78,销售经理,男,2.04,9:00-11:00,20:00-22:00,1
250.35,1.08,0.0,0.0,0.0,7.15,23.3,13.24,初中生,女,7.19,19:00-21:00,19:00-22:00,1
266.53,1.04,1.07,1.0,1.02,7.21,237.11,42.15,公司职员,女,4.14,17:00-19:00,07:00-09:00,0
58.4,1.0,1.04,1.08,0.98,6.82,0.0,22.28,大学生,女,5.07,20:30-22:00,18:00-20:00,0
330.0,0.97,0.0,0.0,0.0,0.0,52.93,36.88,销售经理,女,2.87,20:00-21:30,20:00-22:00,1
261.08,0.97,1.01,1.08,0.94,0.0,87.25,46.67,教培机构人员,女,2.93,17:00-19:00,07:00-09:00,0
281.58,1.05,0.0,0.0,0.0,3.92,439.45,54.7,教师,男,1.92,20:00-21:30,07:00-09:00,1
414.36,1.09,0.0,0.0,0.0,7.0,49.62,22.46,大学生,女,3.19,17:00-19:00,18:00-20:00,1
365.62,1.0,0.99,0.0,0.0,5.1,11.79,16.51,高中生,女,5.29,9:00-11:00,18:00-21:00,2
164.27,1.1,0.0,0.0,0.0,0.0,70.11,23.83,教师,男,2.0,20:00-21:30,07:00-09:00,1
211.19,1.02,0.0,0.0,0.0,3.07,40.08,14.39,高中生,女,6.95,17:00-19:00,18:00-21:00,1
119.16,1.08,0.0,0.0,0.0,6.1,179.84,15.73,高中生,女,4.49,17:00-19:00,19:00-22:00,1
287.78,1.03,0.0,0.0,0.0,1.84,476.4,53.22,教师,女,3.98,20:00-21:30,12:00-14:00,1
12.59,1.08,0.98,0.0,0.0,3.12,12.58,34.49,运营人员,男,2.02,9:00-11:00,20:00-22:00,2
400.76,0.93,1.0,1.0,1.01,3.19,121.55,18.7,大学生,男,4.92,17:00-19:00,20:00-23:00,0
142.11,0.97,0.0,0.0,0.0,0.96,179.05,11.93,初中生,男,6.19,20:00-21:30,19:00-22:00,1
82.51,0.91,0.0,0.0,0.0,0.87,159.43,16.5,大学生,男,3.78,15:00-17:00,18:00-20:00,1
343.96,0.96,0.95,0.91,1.07,6.98,270.98,18.52,高中生,男,6.09,15:00-17:00,19:00-22:00,0
349.61,0.99,0.0,0.0,0.0,0.0,46.33,37.3,销售经理,女,3.02,20:00-21:30,20:00-22:00,1
422.11,0.95,0.0,0.0,0.0,2.31,95.03,12.25,初中生,女,5.39,19:00-21:00,19:00-22:00,1
327.91,0.95,0.0,0.0,0.0,1.01,131.99,49.74,教培机构人员,男,1.98,9:00-11:00,07:00-09:00,1
345.01,0.96,0.95,0.94,1.0,7.16,241.98,17.21,高中生,男,6.18,15:00-17:00,19:00-22:00,0
306.62,1.0,0.0,0.0,0.0,0.96,123.63,51.11,教培机构人员,男,1.93,9:00-11:00,07:00-09:00,1
405.83,0.95,1.04,0.0,0.0,3.86,232.96,19.26,大学生,女,2.93,9:00-11:00,20:00-23:00,2
220.25,1.14,0.97,0.0,0.0,6.9,55.27,14.94,初中生,男,6.77,9:00-11:00,19:00-22:00,2
61.44,1.0,0.0,0.0,0.0,0.98,52.64,21.76,大学生,男,6.1,15:00-17:00,20:00-23:00,1
248.34,1.01,1.05,0.99,0.92,6.57,265.58,36.81,公司职员,女,3.7,17:00-19:00,07:00-09:00,0
155.58,1.07,0.0,0.0,0.0,0.0,70.3,25.71,教师,男,1.98,20:00-21:30,07:00-09:00,1
180.05,1.0,0.0,0.0,0.0,1.0,60.72,17.69,高中生,男,6.89,17:00-19:00,18:00-21:00,1
73.15,1.03,0.0,0.0,0.0,6.02,109.29,56.06,教师,男,1.91,20:00-21:30,07:00-09:00,1
229.0,1.0,0.0,0.0,0.0,4.86,360.63,36.0,销售经理,男,1.0,9:00-11:00,07:00-09:00,1
287.46,0.92,0.0,0.0,0.0,2.96,43.62,19.88,大学生,男,2.98,9:00-11:00,18:00-20:00,1
470.98,0.97,0.0,0.0,0.0,0.98,148.45,48.85,销售经理,男,1.99,9:00-11:00,20:00-22:00,1
444.24,1.0,0.96,0.0,0.0,2.0,16.67,39.06,产品经理,女,4.26,17:00-19:00,20:00-22:00,2
40.31,0.96,0.0,0.0,0.0,1.98,137.13,15.7,高中生,男,5.27,9:00-11:00,19:00-22:00,1
294.06,1.09,0.0,0.0,0.0,1.01,620.62,34.19,教培机构人员,女,3.07,9:00-11:00,07:00-09:00,1
84.5,1.05,0.0,0.0,0.0,6.21,169.99,13.31,初中生,男,5.04,20:00-21:30,19:00-22:00,1
13.24,0.97,1.03,0.0,0.0,2.96,11.66,38.0,运营人员,男,1.94,9:00-11:00,20:00-22:00,2
182.14,1.07,0.0,0.0,0.0,5.92,49.14,20.06,大学生,女,5.46,17:00-19:00,18:00-20:00,1
236.8,1.1,0.0,0.0,0.0,5.08,334.43,40.66,销售经理,男,1.0,9:00-11:00,07:00-09:00,1
315.01,0.98,1.04,0.93,0.0,4.8,188.71,14.95,初中生,女,7.04,9:00-11:00,18:00-21:00,2
415.93,1.03,0.0,0.0,0.0,3.05,157.68,17.17,大学生,男,5.72,9:00-11:00,20:00-23:00,1
299.53,1.0,1.0,0.0,0.0,0.0,150.15,14.16,初中生,女,7.19,17:00-19:00,19:00-22:00,2
271.95,1.01,1.09,0.99,1.06,5.84,102.22,16.68,高中生,男,5.21,17:00-19:00,18:00-21:00,0
57.31,1.05,1.02,1.06,0.96,7.52,0.0,21.61,大学生,女,4.9,20:30-22:00,18:00-20:00,0
451.32,1.07,1.02,0.95,1.07,6.93,84.64,15.1,初中生,女,7.49,17:00-19:00,19:00-22:00,0
151.06,0.9,0.0,0.0,0.0,5.06,104.74,14.83,初中生,男,6.24,15:00-17:00,19:00-22:00,1
136.04,1.0,0.0,0.0,0.0,1.01,1.05,16.29,高中生,男,6.17,9:00-11:00,19:00-22:00,1
384.99,1.0,0.0,0.0,0.0,7.17,46.5,25.64,大学生,女,3.06,17:00-19:00,18:00-20:00,1
187.28,1.05,0.99,0.0,0.0,2.73,415.66,21.63,大学生,女,3.83,17:00-19:00,18:00-20:00,2
156.42,1.06,0.96,0.0,0.0,6.05,186.67,19.21,高中生,女,5.99,9:00-11:00,19:00-22:00,2
313.11,1.04,0.0,0.0,0.0,0.98,608.93,39.44,教培机构人员,女,2.94,9:00-11:00,07:00-09:00,1
14.67,1.05,0.0,0.0,0.0,3.97,20.93,15.84,高中生,女,4.84,9:00-11:00,19:00-22:00,1
1.0,1.02,0.0,0.0,0.0,2.15,140.15,14.69,初中生,女,5.51,17:00-19:00,19:00-22:00,1
147.07,0.99,0.0,0.0,0.0,0.96,0.99,15.53,高中生,男,5.76,9:00-11:00,19:00-22:00,1
359.03,1.0,1.06,0.0,0.0,4.77,11.44,17.84,高中生,女,4.95,9:00-11:00,18:00-21:00,2
254.96,0.9,0.0,0.0,0.0,6.57,24.99,14.9,初中生,女,7.54,19:00-21:00,19:00-22:00,1
97.1,0.99,0.0,0.0,0.0,1.03,112.06,11.91,初中生,男,7.11,9:00-11:00,18:00-21:00,1
195.45,1.0,1.03,0.0,0.0,6.89,299.8,34.37,教培机构人员,女,3.82,17:00-19:00,07:00-09:00,2
201.68,1.0,0.0,0.0,0.0,3.22,39.66,14.77,高中生,女,6.94,17:00-19:00,18:00-21:00,1
88.55,1.04,0.0,0.0,0.0,0.97,114.83,11.51,初中生,男,6.82,9:00-11:00,18:00-21:00,1
227.03,0.96,0.99,0.0,0.0,6.97,59.85,14.72,初中生,男,6.77,9:00-11:00,19:00-22:00,2
219.85,1.03,0.0,0.0,0.0,6.0,108.26,20.41,大学生,女,5.14,9:00-11:00,18:00-20:00,1
391.75,1.03,0.99,0.97,0.99,2.89,123.83,18.11,大学生,男,4.84,17:00-19:00,20:00-23:00,0
187.64,1.06,0.0,0.0,0.0,2.96,41.95,13.97,高中生,女,6.68,17:00-19:00,18:00-21:00,1
270.59,1.05,0.0,0.0,0.0,1.87,454.03,54.26,教师,女,3.85,20:00-21:30,12:00-14:00,1
282.84,0.96,0.0,0.0,0.0,2.02,487.58,50.38,教师,女,4.32,20:00-21:30,12:00-14:00,1
104.12,1.03,1.07,0.0,0.0,5.05,212.13,18.22,高中生,女,4.67,20:00-21:30,18:00-21:00,2
200.2,1.01,0.0,0.0,0.0,1.1,3.0,12.98,初中生,男,4.8,17:00-19:00,18:00-21:00,1
180.58,1.08,1.0,0.0,0.0,2.88,448.64,23.67,大学生,女,3.91,17:00-19:00,18:00-20:00,2
47.12,1.05,1.08,0.0,0.0,0.99,214.9,14.33,初中生,女,6.03,17:00-19:00,18:00-21:00,2
154.98,0.99,0.0,0.0,0.0,1.03,213.08,27.18,自由职业者,女,3.03,15:00-17:00,07:00-09:00,1
270.03,0.89,0.0,0.0,0.0,6.78,28.42,51.05,教师,男,3.93,20:00-21:30,12:00-14:00,1
89.22,1.02,0.0,0.0,0.0,5.77,175.55,13.45,初中生,男,5.09,20:00-21:30,19:00-22:00,1
391.06,0.97,0.0,0.0,0.0,2.83,192.0,16.54,初中生,女,6.76,17:00-19:00,19:00-22:00,1
211.83,1.06,0.0,0.0,0.0,0.99,62.88,17.64,高中生,男,6.85,17:00-19:00,18:00-21:00,1
104.22,0.95,1.01,0.0,0.0,4.9,233.24,19.44,高中生,女,5.31,20:00-21:30,18:00-21:00,2
45.81,0.98,0.0,0.0,0.0,2.04,150.45,14.97,高中生,男,5.3,9:00-11:00,19:00-22:00,1
375.92,0.98,0.88,1.03,0.89,7.45,8.37,15.25,高中生,女,6.65,9:00-11:00,18:00-21:00,0
234.46,1.08,0.0,0.0,0.0,5.23,341.24,38.5,销售经理,男,1.03,9:00-11:00,07:00-09:00,1
92.85,1.04,0.0,0.0,0.0,0.96,121.66,11.33,初中生,男,6.94,9:00-11:00,18:00-21:00,1
171.13,1.08,0.0,0.0,0.0,6.11,454.31,14.6,高中生,男,5.14,20:30-22:00,18:00-21:00,1
10.39,1.04,1.01,0.0,0.0,4.7,160.82,48.74,公务员,女,2.66,17:00-19:00,07:00-09:00,2
145.58,0.94,0.0,0.0,0.0,0.0,74.83,26.72,教师,男,2.04,20:00-21:30,07:00-09:00,1
58.12,0.96,0.0,0.0,0.0,3.91,227.56,14.18,初中生,女,7.64,20:00-21:30,18:00-21:00,1
398.04,0.97,0.0,0.0,0.0,0.0,162.77,15.65,高中生,男,6.12,17:00-19:00,19:00-22:00,1
273.55,1.07,0.0,0.0,0.0,2.04,480.67,53.7,教师,女,3.97,20:00-21:30,12:00-14:00,1
0.98,1.09,0.0,0.0,0.0,1.83,149.09,14.25,初中生,女,5.67,17:00-19:00,19:00-22:00,1
10.72,1.08,1.04,0.0,0.0,4.81,173.12,49.44,公务员,女,2.74,17:00-19:00,07:00-09:00,2
138.67,1.04,0.0,0.0,0.0,5.62,173.56,15.74,高中生,女,5.12,17:00-19:00,19:00-22:00,1
12.87,0.96,1.04,0.0,0.0,3.09,12.35,37.3,运营人员,男,2.15,9:00-11:00,20:00-22:00,2
62.13,1.02,0.0,0.0,0.0,0.0,237.49,41.66,教培机构人员,男,0.97,20:00-21:30,12:00-14:00,1
204.34,1.0,0.93,0.0,0.0,6.72,264.28,35.24,教培机构人员,女,4.16,17:00-19:00,07:00-09:00,2
217.17,1.1,0.0,0.0,0.0,0.99,2.91,13.85,初中生,男,4.86,17:00-19:00,18:00-21:00,1
264.94,0.95,0.96,0.98,0.98,6.5,224.31,41.37,公司职员,女,3.74,17:00-19:00,07:00-09:00,0
516.64,0.89,0.0,0.0,0.0,0.9,143.65,49.45,销售经理,男,2.01,9:00-11:00,20:00-22:00,1
84.34,1.01,0.0,0.0,0.0,2.84,137.36,40.18,产品经理,女,3.21,9:00-11:00,20:00-22:00,1
215.56,1.01,0.0,0.0,0.0,7.36,24.33,13.94,初中生,女,6.99,19:00-21:00,19:00-22:00,1
2.96,1.08,1.11,0.0,0.0,5.71,33.67,14.13,初中生,男,6.32,17:00-19:00,19:00-22:00,2
290.98,1.08,0.0,0.0,0.0,0.97,650.67,37.29,教培机构人员,女,3.02,9:00-11:00,07:00-09:00,1
248.2,0.99,1.05,1.02,0.95,7.08,279.06,42.97,公司职员,女,3.95,17:00-19:00,07:00-09:00,0
180.2,1.04,0.0,0.0,0.0,4.8,262.84,20.53,大学生,男,4.1,20:30-22:00,18:00-20:00,1
317.61,0.96,0.91,0.0,0.0,3.13,16.9,16.26,初中生,男,6.25,20:30-22:00,18:00-21:00,2
419.48,0.95,1.08,1.08,0.93,0.0,73.31,15.32,高中生,女,4.89,9:00-11:00,19:00-22:00,0
221.65,1.04,0.98,0.0,0.0,6.41,58.43,12.97,初中生,男,7.29,9:00-11:00,19:00-22:00,2
370.23,0.94,0.99,0.98,0.99,2.01,31.2,21.1,大学生,女,5.83,9:00-11:00,18:00-20:00,0
388.88,1.04,1.04,0.0,0.0,2.95,76.77,26.87,运营人员,男,3.94,15:00-17:00,20:00-22:00,2
361.03,1.04,0.92,0.95,0.99,2.16,33.63,20.14,大学生,女,6.59,9:00-11:00,18:00-20:00,0
361.24,0.98,1.04,1.01,0.97,7.08,246.61,16.66,高中生,男,5.86,15:00-17:00,19:00-22:00,0
372.16,1.03,0.0,0.0,0.0,5.05,95.23,13.41,初中生,女,6.84,9:00-11:00,18:00-21:00,1
393.8,1.03,1.01,0.91,1.01,7.49,8.76,14.13,高中生,女,6.93,9:00-11:00,18:00-21:00,0
305.87,1.0,0.0,0.0,0.0,1.12,606.09,34.56,教培机构人员,女,2.98,9:00-11:00,07:00-09:00,1
409.48,0.96,0.0,0.0,0.0,1.04,235.18,42.98,销售经理,男,0.91,17:00-19:00,07:00-09:00,1
142.39,1.07,0.97,0.0,0.0,6.2,190.98,17.42,高中生,女,5.93,9:00-11:00,19:00-22:00,2
143.22,0.96,0.0,0.0,0.0,1.01,176.26,12.48,初中生,男,5.67,20:00-21:30,19:00-22:00,1
469.5,0.94,0.0,0.0,0.0,1.88,286.11,34.92,公司职员,女,3.03,20:00-21:30,07:00-09:00,1
475.68,1.07,0.0,0.0,0.0,5.14,476.21,40.72,产品经理,男,2.77,17:00-19:00,20:00-22:00,1
360.53,0.9,0.9,0.0,0.0,4.73,11.73,18.88,高中生,女,5.54,9:00-11:00,18:00-21:00,2
154.1,1.03,0.0,0.0,0.0,6.58,196.28,59.08,教培机构人员,女,2.05,15:00-17:00,07:00-09:00,1
54.27,0.98,0.0,0.0,0.0,4.09,235.52,12.66,初中生,女,6.5,20:00-21:30,18:00-21:00,1
44.3,1.07,1.05,0.0,0.0,0.98,208.57,14.07,初中生,女,7.15,17:00-19:00,18:00-21:00,2
373.86,0.96,0.99,0.0,0.0,3.88,111.9,15.07,初中生,女,4.96,20:30-22:00,19:00-22:00,2
170.52,1.02,0.0,0.0,0.0,4.78,249.08,22.28,大学生,男,3.97,20:30-22:00,18:00-20:00,1
13.92,1.01,0.0,0.0,0.0,3.95,16.96,16.49,高中生,女,4.86,9:00-11:00,19:00-22:00,1
231.9,1.0,0.0,0.0,0.0,5.23,347.64,38.19,销售经理,男,1.03,9:00-11:00,07:00-09:00,1
136.79,0.94,0.0,0.0,0.0,3.98,200.8,21.03,大学生,男,3.63,20:00-21:30,20:00-23:00,1
416.09,1.02,0.0,0.0,0.0,2.25,101.79,12.77,初中生,女,5.39,19:00-21:00,19:00-22:00,1
44.96,1.03,1.06,0.0,0.0,0.96,203.59,14.22,初中生,女,6.96,17:00-19:00,18:00-21:00,2
43.53,1.01,1.07,0.0,0.0,0.92,214.04,14.86,初中生,女,7.02,17:00-19:00,18:00-21:00,2
150.19,1.01,0.0,0.0,0.0,0.0,75.01,26.87,教师,男,2.02,20:00-21:30,07:00-09:00,1
303.38,1.0,1.03,1.07,1.02,0.0,85.54,44.08,教培机构人员,女,2.83,17:00-19:00,07:00-09:00,0
230.23,1.0,0.0,0.0,0.0,0.0,32.05,52.65,教培机构人员,女,4.26,19:00-21:00,07:00-09:00,1
230.9,0.97,0.0,0.0,0.0,4.8,344.88,34.01,销售经理,男,1.0,9:00-11:00,07:00-09:00,1
238.3,1.07,0.95,1.09,0.94,3.99,196.4,51.6,教师,女,3.65,17:00-19:00,07:00-09:00,0
242.17,1.0,0.0,0.0,0.0,4.01,466.21,56.04,教师,男,2.14,20:00-21:30,07:00-09:00,1
154.83,0.94,0.0,0.0,0.0,0.91,0.96,14.12,高中生,男,5.85,9:00-11:00,19:00-22:00,1
210.47,1.04,0.0,0.0,0.0,5.35,368.97,35.9,销售经理,男,0.96,9:00-11:00,07:00-09:00,1
396.84,1.03,0.99,1.0,0.0,0.99,110.15,20.83,大学生,男,5.91,20:00-21:30,20:00-23:00,2
202.14,0.91,0.98,0.0,0.0,7.02,277.09,31.75,教培机构人员,女,3.89,17:00-19:00,07:00-09:00,2
80.25,0.97,0.0,0.0,0.0,2.99,140.0,35.88,产品经理,女,2.81,9:00-11:00,20:00-22:00,1
217.07,1.08,0.0,0.0,0.0,5.02,376.69,36.24,销售经理,男,0.98,9:00-11:00,07:00-09:00,1
320.72,1.05,0.95,0.0,0.0,2.74,17.25,14.42,初中生,男,5.83,20:30-22:00,18:00-21:00,2
60.71,1.0,0.0,0.0,0.0,0.0,205.23,40.07,教培机构人员,男,0.97,20:00-21:30,12:00-14:00,1
152.22,0.95,0.97,0.0,0.0,5.92,94.88,45.36,运营人员,男,1.87,17:00-19:00,07:00-09:00,2
87.49,1.06,0.0,0.0,0.0,6.1,165.15,13.72,初中生,男,4.81,20:00-21:30,19:00-22:00,1
79.19,0.99,0.0,0.0,0.0,2.93,129.7,38.34,产品经理,女,3.01,9:00-11:00,20:00-22:00,1
252.17,1.06,0.0,0.0,0.0,7.39,25.83,13.09,初中生,女,6.69,19:00-21:00,19:00-22:00,1
221.48,1.06,0.0,0.0,0.0,5.12,375.63,34.13,销售经理,男,0.95,9:00-11:00,07:00-09:00,1
168.03,1.07,0.0,0.0,0.0,6.37,469.35,15.68,高中生,男,4.96,20:30-22:00,18:00-21:00,1
387.21,0.98,0.97,1.06,0.0,1.09,111.22,20.39,大学生,男,6.12,20:00-21:30,20:00-23:00,2
444.64,1.04,0.98,1.03,0.94,0.0,66.42,15.27,高中生,女,4.71,9:00-11:00,19:00-22:00,0
165.45,0.95,0.0,0.0,0.0,0.0,74.49,23.61,教师,男,2.06,20:00-21:30,07:00-09:00,1
461.71,0.97,1.03,1.11,1.09,6.31,78.08,14.53,初中生,女,6.92,17:00-19:00,19:00-22:00,0
2.98,1.07,1.03,0.0,0.0,6.01,35.87,14.37,初中生,男,5.36,17:00-19:00,19:00-22:00,2
163.27,1.09,0.0,0.0,0.0,6.44,190.37,56.23,教培机构人员,女,1.98,15:00-17:00,07:00-09:00,1
424.98,1.02,0.0,0.0,0.0,4.85,460.26,42.33,产品经理,男,2.77,17:00-19:00,20:00-22:00,1
370.9,1.01,0.95,0.98,1.0,2.04,32.84,19.65,大学生,女,5.94,9:00-11:00,18:00-20:00,0
86.88,1.03,0.0,0.0,0.0,1.06,120.69,12.55,初中生,男,7.07,9:00-11:00,18:00-21:00,1
356.89,0.98,0.99,0.0,0.0,2.79,84.87,28.82,运营人员,男,3.99,15:00-17:00,20:00-22:00,2
221.76,0.99,0.0,0.0,0.0,5.09,362.34,38.38,销售经理,男,0.93,9:00-11:00,07:00-09:00,1
457.83,1.03,0.0,0.0,0.0,4.74,316.81,16.24,高中生,女,5.68,20:00-21:30,18:00-21:00,1
354.02,1.0,1.04,0.0,0.0,3.14,75.93,25.88,运营人员,男,3.62,15:00-17:00,20:00-22:00,2
353.6,1.01,0.0,0.0,0.0,3.1,216.37,13.05,初中生,女,7.52,17:00-19:00,19:00-22:00,1
207.03,1.03,0.0,0.0,0.0,6.7,45.58,12.33,初中生,男,6.13,9:00-11:00,19:00-22:00,1
322.98,1.04,0.0,0.0,0.0,0.0,50.7,37.34,销售经理,女,3.13,20:00-21:30,20:00-22:00,1
68.26,0.99,0.0,0.0,0.0,0.0,207.17,39.61,教培机构人员,男,0.93,20:00-21:30,12:00-14:00,1
312.71,0.98,0.0,0.0,0.0,0.0,324.67,18.23,高中生,女,6.03,17:00-19:00,19:00-22:00,1
401.63,0.99,0.91,1.01,1.03,2.98,118.85,17.7,大学生,男,5.17,17:00-19:00,20:00-23:00,0
158.1,1.06,0.0,0.0,0.0,7.27,196.5,50.63,教培机构人员,女,1.99,15:00-17:00,07:00-09:00,1
340.75,0.98,0.0,0.0,0.0,0.0,53.99,36.74,销售经理,女,3.01,20:00-21:30,20:00-22:00,1
366.2,1.03,0.0,0.0,0.0,0.0,54.0,37.81,销售经理,女,2.97,20:00-21:30,20:00-22:00,1
257.6,1.02,0.0,0.0,0.0,4.02,489.68,56.11,教师,男,2.11,20:00-21:30,07:00-09:00,1
288.5,0.98,0.0,0.0,0.0,1.04,120.37,46.77,教培机构人员,男,1.91,9:00-11:00,07:00-09:00,1
168.81,1.07,0.0,0.0,0.0,5.99,49.35,19.25,大学生,女,4.84,17:00-19:00,18:00-20:00,1
345.2,0.96,1.03,0.99,0.93,2.1,35.44,18.99,大学生,女,5.62,9:00-11:00,18:00-20:00,0
375.5,0.99,0.95,1.05,0.0,1.04,110.25,20.71,大学生,男,6.07,20:00-21:30,20:00-23:00,2
206.64,0.92,1.03,0.0,0.0,7.35,276.51,33.0,教培机构人员,女,3.77,17:00-19:00,07:00-09:00,2
456.02,1.04,0.0,0.0,0.0,6.86,82.75,13.98,初中生,男,6.21,20:00-21:30,19:00-22:00,1
340.4,1.06,0.0,0.0,0.0,0.0,49.98,34.3,销售经理,女,3.0,20:00-21:30,20:00-22:00,1
63.2,1.04,0.93,0.95,1.04,7.18,0.0,19.9,大学生,女,5.56,20:30-22:00,18:00-20:00,0
175.82,0.9,0.0,0.0,0.0,0.0,82.47,29.19,教师,男,2.06,20:00-21:30,07:00-09:00,1
261.01,0.99,0.93,1.13,0.94,7.05,255.48,41.3,公司职员,女,4.23,17:00-19:00,07:00-09:00,0
493.93,1.01,0.0,0.0,0.0,5.35,434.43,44.01,产品经理,男,3.09,17:00-19:00,20:00-22:00,1
141.22,1.12,1.09,0.0,0.0,6.07,96.78,45.3,运营人员,男,1.94,17:00-19:00,07:00-09:00,2
489.52,0.94,0.0,0.0,0.0,5.04,394.58,41.07,产品经理,男,2.89,17:00-19:00,20:00-22:00,1
75.28,1.02,1.05,0.0,0.0,6.46,32.71,13.14,初中生,男,6.64,20:30-22:00,18:00-21:00,2
369.87,0.91,0.0,0.0,0.0,6.15,96.08,21.52,大学生,男,5.31,9:00-11:00,20:00-23:00,1
267.49,1.11,0.93,1.0,0.98,4.16,202.37,51.55,教师,女,3.69,17:00-19:00,07:00-09:00,0
295.0,1.03,0.0,0.0,0.0,0.0,295.73,20.04,高中生,女,6.06,17:00-19:00,19:00-22:00,1
309.93,1.0,0.0,0.0,0.0,4.3,161.68,17.01,高中生,男,6.84,20:00-21:30,18:00-21:00,1
232.75,0.95,0.0,0.0,0.0,7.23,205.88,13.87,初中生,男,7.53,9:00-11:00,19:00-22:00,1
438.42,0.91,0.99,0.94,1.01,7.17,80.23,14.65,初中生,女,7.15,17:00-19:00,19:00-22:00,0
33.58,1.04,1.04,0.0,0.0,6.69,312.76,15.33,高中生,女,4.86,17:00-19:00,19:00-22:00,2
352.26,0.98,0.0,0.0,0.0,6.81,190.6,11.62,初中生,女,5.04,17:00-19:00,18:00-21:00,1
144.17,0.97,0.98,0.0,0.0,5.32,96.33,46.9,运营人员,男,2.0,17:00-19:00,07:00-09:00,2
58.32,1.0,0.0,0.0,0.0,4.23,232.44,14.59,初中生,女,6.98,20:00-21:30,18:00-21:00,1
223.62,1.07,0.0,0.0,0.0,6.38,112.96,18.21,大学生,女,5.02,9:00-11:00,18:00-20:00,1
454.89,0.95,0.96,0.0,0.0,6.86,245.38,45.11,公务员,女,1.93,9:00-11:00,07:00-09:00,2
388.12,0.99,1.03,0.98,0.0,0.96,113.39,19.85,大学生,男,6.14,20:00-21:30,20:00-23:00,2
292.22,1.01,0.0,0.0,0.0,7.04,25.22,53.0,教师,男,3.73,20:00-21:30,12:00-14:00,1
182.53,1.04,0.0,0.0,0.0,7.48,201.06,50.55,教培机构人员,女,1.95,15:00-17:00,07:00-09:00,1
145.64,0.94,1.09,0.0,0.0,6.1,102.32,48.35,运营人员,男,2.1,17:00-19:00,07:00-09:00,2
291.13,0.89,1.07,0.0,0.0,0.0,159.5,13.2,初中生,女,6.92,17:00-19:00,19:00-22:00,2
404.72,1.01,0.92,0.0,0.0,3.92,241.01,18.57,大学生,女,3.04,9:00-11:00,20:00-23:00,2
72.51,0.91,0.0,0.0,0.0,0.0,192.35,39.24,教培机构人员,男,1.03,20:00-21:30,12:00-14:00,1
216.61,1.01,0.0,0.0,0.0,6.23,123.28,53.1,教培机构人员,男,1.02,20:00-21:30,07:00-09:00,1
180.33,0.93,0.0,0.0,0.0,7.3,182.48,54.69,教培机构人员,女,2.16,15:00-17:00,07:00-09:00,1
128.75,0.95,0.0,0.0,0.0,0.98,190.4,11.45,初中生,男,5.51,20:00-21:30,19:00-22:00,1
486.09,0.94,0.0,0.0,0.0,7.35,75.12,13.63,初中生,男,6.36,20:00-21:30,19:00-22:00,1
242.42,0.9,0.94,0.99,1.06,7.31,274.89,44.31,公司职员,女,4.26,17:00-19:00,07:00-09:00,0
367.72,0.98,0.0,0.0,0.0,6.31,246.88,13.36,初中生,男,4.77,19:00-21:00,19:00-22:00,1
430.96,1.02,0.0,0.0,0.0,7.11,78.75,12.31,初中生,男,5.86,20:00-21:30,19:00-22:00,1
199.93,0.99,0.0,0.0,0.0,6.14,116.54,57.72,教培机构人员,男,0.97,20:00-21:30,07:00-09:00,1
377.18,1.02,1.05,1.09,1.11,1.98,33.45,21.46,大学生,女,5.74,9:00-11:00,18:00-20:00,0
378.36,1.03,0.98,0.0,0.0,5.27,11.18,18.66,高中生,女,4.81,9:00-11:00,18:00-21:00,2
370.88,1.05,0.95,0.0,0.0,2.87,81.96,29.09,运营人员,男,3.97,15:00-17:00,20:00-22:00,2
107.84,0.97,0.94,0.0,0.0,5.5,206.36,17.6,高中生,女,5.44,20:00-21:30,18:00-21:00,2
319.63,1.02,1.02,1.02,0.0,4.98,210.5,15.49,初中生,女,6.41,9:00-11:00,18:00-21:00,2
211.23,1.07,0.0,0.0,0.0,7.13,50.24,11.94,初中生,男,7.22,9:00-11:00,19:00-22:00,1
256.22,1.03,1.0,1.06,0.95,6.31,92.34,14.38,高中生,男,5.13,17:00-19:00,18:00-21:00,0
198.26,0.94,1.05,0.0,0.0,6.9,285.82,34.76,教培机构人员,女,4.2,17:00-19:00,07:00-09:00,2
203.25,1.02,0.0,0.0,0.0,5.94,103.25,21.89,大学生,女,4.57,9:00-11:00,18:00-20:00,1
241.76,0.91,0.0,0.0,0.0,3.94,438.92,59.56,教师,男,2.05,20:00-21:30,07:00-09:00,1
147.57,0.99,0.0,0.0,0.0,3.74,226.6,21.91,大学生,男,4.31,20:00-21:30,20:00-23:00,1
157.42,1.04,0.0,0.0,0.0,1.02,0.99,14.88,高中生,男,5.86,9:00-11:00,19:00-22:00,1
91.61,1.06,0.0,0.0,0.0,1.04,166.07,18.21,大学生,男,4.23,15:00-17:00,18:00-20:00,1
407.42,0.97,1.09,1.05,1.06,6.81,9.62,14.65,高中生,女,7.03,9:00-11:00,18:00-21:00,0
416.44,0.94,1.02,0.0,0.0,2.06,53.29,16.85,高中生,女,5.94,20:30-22:00,19:00-22:00,2
329.57,1.06,0.0,0.0,0.0,4.77,91.22,13.01,初中生,女,6.62,9:00-11:00,18:00-21:00,1
170.16,0.99,0.0,0.0,0.0,5.06,257.13,20.87,大学生,男,4.14,20:30-22:00,18:00-20:00,1
11.77,0.98,1.04,0.0,0.0,5.02,160.88,49.02,公务员,女,2.8,17:00-19:00,07:00-09:00,2
164.47,1.05,0.0,0.0,0.0,1.05,176.06,28.76,自由职业者,女,3.02,15:00-17:00,07:00-09:00,1
470.94,1.08,0.99,0.0,0.0,6.79,232.5,45.98,公务员,女,1.95,9:00-11:00,07:00-09:00,2
254.91,0.97,1.07,1.01,1.04,7.33,250.84,40.16,公司职员,女,3.94,17:00-19:00,07:00-09:00,0
409.58,1.07,0.0,0.0,0.0,7.38,48.24,22.09,大学生,女,3.05,17:00-19:00,18:00-20:00,1
333.62,1.02,0.0,0.0,0.0,0.0,54.97,37.52,销售经理,女,3.18,20:00-21:30,20:00-22:00,1
213.91,1.02,1.01,0.0,0.0,7.41,278.41,33.95,教培机构人员,女,3.81,17:00-19:00,07:00-09:00,2
41.98,1.02,0.0,0.0,0.0,2.02,148.98,14.49,高中生,男,5.01,9:00-11:00,19:00-22:00,1
386.61,1.05,0.0,0.0,0.0,2.81,197.5,16.17,初中生,女,6.89,17:00-19:00,19:00-22:00,1
33.27,1.0,1.09,0.0,0.0,7.23,280.06,15.4,高中生,女,5.51,17:00-19:00,19:00-22:00,2
170.91,1.11,0.0,0.0,0.0,6.08,480.64,14.85,高中生,男,4.99,20:30-22:00,18:00-21:00,1
473.24,0.99,0.0,0.0,0.0,4.35,473.69,43.91,产品经理,男,3.03,17:00-19:00,20:00-22:00,1
232.6,0.98,0.0,0.0,0.0,6.75,24.92,14.16,初中生,女,6.47,19:00-21:00,19:00-22:00,1
10.66,0.94,1.0,0.0,0.0,5.32,163.74,50.48,公务员,女,3.06,17:00-19:00,07:00-09:00,2
457.21,0.98,0.0,0.0,0.0,7.08,83.62,14.23,初中生,男,5.9,20:00-21:30,19:00-22:00,1
45.76,1.04,0.0,0.0,0.0,2.02,134.29,13.74,高中生,男,4.77,9:00-11:00,19:00-22:00,1
301.98,0.94,0.98,0.0,0.0,0.0,187.04,14.46,初中生,女,7.0,17:00-19:00,19:00-22:00,2
71.57,0.97,0.0,0.0,0.0,0.0,199.33,42.62,教培机构人员,男,1.09,20:00-21:30,12:00-14:00,1
198.15,1.03,0.0,0.0,0.0,6.23,124.32,54.77,教培机构人员,男,0.91,20:00-21:30,07:00-09:00,1
479.31,1.04,0.99,0.96,0.97,7.1,76.49,14.72,初中生,女,7.19,17:00-19:00,19:00-22:00,0
310.47,0.99,0.0,0.0,0.0,0.99,128.16,51.76,教培机构人员,男,1.98,9:00-11:00,07:00-09:00,1
111.36,1.07,0.97,0.0,0.0,5.36,196.69,16.13,高中生,女,5.1,20:00-21:30,18:00-21:00,2
469.83,1.01,1.0,1.07,0.96,7.07,80.94,15.65,初中生,女,6.49,17:00-19:00,19:00-22:00,0
271.45,0.95,1.1,0.99,1.05,4.05,188.75,52.41,教师,女,4.06,17:00-19:00,07:00-09:00,0
95.66,1.07,0.0,0.0,0.0,6.2,163.86,15.1,初中生,男,5.24,20:00-21:30,19:00-22:00,1
129.55,1.04,0.0,0.0,0.0,0.97,182.11,12.37,初中生,男,6.15,20:00-21:30,19:00-22:00,1
233.56,0.97,0.0,0.0,0.0,6.94,204.43,12.79,初中生,男,7.08,9:00-11:00,19:00-22:00,1
289.49,0.94,1.02,0.96,1.01,0.0,88.61,45.2,教培机构人员,女,3.41,17:00-19:00,07:00-09:00,0
10.45,1.01,0.98,0.0,0.0,4.82,171.28,50.18,公务员,女,3.13,17:00-19:00,07:00-09:00,2
149.08,0.99,0.0,0.0,0.0,0.92,0.98,16.16,高中生,男,6.09,9:00-11:00,19:00-22:00,1
10.73,1.07,1.07,0.0,0.0,4.97,165.12,52.99,公务员,女,2.95,17:00-19:00,07:00-09:00,2
380.15,1.05,0.0,0.0,0.0,0.0,283.72,15.6,高中生,男,6.32,20:00-21:30,18:00-21:00,1
384.94,1.01,1.02,0.0,0.0,3.94,249.29,17.85,大学生,女,3.06,9:00-11:00,20:00-23:00,2
64.21,1.01,0.0,0.0,0.0,1.07,51.54,24.24,大学生,男,5.9,15:00-17:00,20:00-23:00,1
289.96,1.02,1.01,0.99,0.98,5.87,110.64,15.95,高中生,男,5.05,17:00-19:00,18:00-21:00,0
389.26,1.02,1.05,0.0,0.0,4.0,121.31,14.55,初中生,女,4.45,20:30-22:00,19:00-22:00,2
301.25,0.98,0.0,0.0,0.0,0.96,120.92,43.9,教培机构人员,男,2.07,9:00-11:00,07:00-09:00,1
268.49,0.96,0.0,0.0,0.0,1.91,442.66,50.22,教师,女,3.88,20:00-21:30,12:00-14:00,1
274.86,1.02,1.08,0.0,0.0,0.0,154.11,13.75,初中生,女,7.17,17:00-19:00,19:00-22:00,2
266.78,1.0,0.0,0.0,0.0,3.9,62.31,22.58,大学生,女,4.01,20:00-21:30,18:00-20:00,1
173.32,0.89,1.0,0.0,0.0,2.86,494.6,22.09,大学生,女,4.08,17:00-19:00,18:00-20:00,2
261.93,1.11,0.0,0.0,0.0,2.89,46.87,21.76,大学生,男,3.08,9:00-11:00,18:00-20:00,1
113.54,1.07,1.0,0.0,0.0,5.01,210.68,18.17,高中生,女,4.89,20:00-21:30,18:00-21:00,2
81.5,1.02,1.1,0.0,0.0,6.04,34.26,13.27,初中生,男,7.11,20:30-22:00,18:00-21:00,2
103.06,1.01,0.99,0.0,0.0,5.09,211.38,16.41,高中生,女,5.1,20:00-21:30,18:00-21:00,2
513.43,0.97,0.0,0.0,0.0,1.07,146.41,49.64,销售经理,男,1.97,9:00-11:00,20:00-22:00,1
193.06,1.05,0.0,0.0,0.0,6.74,322.36,53.97,公务员,女,3.75,17:00-19:00,07:00-09:00,1
43.93,0.99,0.0,0.0,0.0,2.06,145.74,15.12,高中生,男,4.67,9:00-11:00,19:00-22:00,1
213.22,0.98,0.0,0.0,0.0,5.89,114.95,62.69,教培机构人员,男,0.93,20:00-21:30,07:00-09:00,1
205.87,1.09,0.0,0.0,0.0,3.2,42.14,14.6,高中生,女,7.54,17:00-19:00,18:00-21:00,1
166.36,0.96,0.0,0.0,0.0,0.93,186.87,27.09,自由职业者,女,2.8,15:00-17:00,07:00-09:00,1
350.58,0.93,0.0,0.0,0.0,6.95,293.84,12.52,初中生,男,4.62,19:00-21:00,19:00-22:00,1
315.17,1.05,0.0,0.0,0.0,4.33,159.32,18.35,高中生,男,6.8,20:00-21:30,18:00-21:00,1
111.7,0.98,0.92,0.0,0.0,5.25,223.23,16.95,高中生,女,4.94,20:00-21:30,18:00-21:00,2
39.72,1.09,0.0,0.0,0.0,1.94,138.81,14.92,高中生,男,4.99,9:00-11:00,19:00-22:00,1
277.07,0.95,0.0,0.0,0.0,3.08,136.68,13.21,初中生,男,6.7,20:00-21:30,19:00-22:00,1
170.94,0.97,0.0,0.0,0.0,7.54,186.86,51.06,教培机构人员,女,1.9,15:00-17:00,07:00-09:00,1
55.45,1.04,0.0,0.0,0.0,3.86,219.43,13.75,初中生,女,7.47,20:00-21:30,18:00-21:00,1
63.23,0.99,0.0,0.0,0.0,2.84,214.35,50.69,教师,女,2.89,9:00-11:00,12:00-14:00,1
213.63,0.97,0.0,0.0,0.0,0.0,30.69,53.09,教培机构人员,女,4.01,19:00-21:00,07:00-09:00,1
238.49,0.97,0.0,0.0,0.0,6.51,204.02,14.09,初中生,男,6.93,9:00-11:00,19:00-22:00,1
421.46,1.01,1.01,0.99,0.98,0.0,69.37,15.93,高中生,女,5.42,9:00-11:00,19:00-22:00,0
323.82,1.03,0.0,0.0,0.0,1.03,129.42,50.36,教培机构人员,男,2.09,9:00-11:00,07:00-09:00,1
212.72,0.95,0.0,0.0,0.0,3.21,41.79,13.57,高中生,女,7.26,17:00-19:00,18:00-21:00,1
76.71,0.91,0.0,0.0,0.0,2.85,137.02,37.62,产品经理,女,3.02,9:00-11:00,20:00-22:00,1
89.24,1.01,0.0,0.0,0.0,2.95,141.24,39.24,产品经理,女,2.74,9:00-11:00,20:00-22:00,1
352.7,0.96,0.0,0.0,0.0,7.33,200.46,12.87,初中生,女,4.86,17:00-19:00,18:00-21:00,1
191.64,0.99,0.0,0.0,0.0,7.08,339.19,50.46,公务员,女,4.39,17:00-19:00,07:00-09:00,1
215.2,0.93,0.0,0.0,0.0,0.0,32.22,50.23,教培机构人员,女,4.08,19:00-21:00,07:00-09:00,1
419.85,1.05,1.0,1.01,0.0,1.08,101.59,21.12,大学生,男,6.19,20:00-21:30,20:00-23:00,2
48.18,1.06,0.97,0.0,0.0,0.97,195.46,14.17,初中生,女,6.87,17:00-19:00,18:00-21:00,2
398.09,0.92,0.0,0.0,0.0,0.0,100.26,13.38,初中生,男,7.54,17:00-19:00,18:00-21:00,1
418.26,0.97,0.88,1.07,0.0,0.99,115.07,19.42,大学生,男,5.72,20:00-21:30,20:00-23:00,2
32.81,1.01,1.02,0.0,0.0,7.01,301.08,14.24,高中生,女,4.81,17:00-19:00,19:00-22:00,2
288.24,1.01,0.0,0.0,0.0,3.96,58.97,19.75,大学生,女,3.89,20:00-21:30,18:00-20:00,1
43.37,1.07,0.0,0.0,0.0,1.9,138.83,14.7,高中生,男,5.01,9:00-11:00,19:00-22:00,1
455.28,0.96,0.0,0.0,0.0,6.92,81.54,13.58,初中生,男,5.74,20:00-21:30,19:00-22:00,1
353.88,0.99,0.98,1.1,1.0,6.37,270.76,18.81,高中生,男,6.28,15:00-17:00,19:00-22:00,0
295.89,0.98,0.0,0.0,0.0,1.99,464.2,52.58,教师,女,3.85,20:00-21:30,12:00-14:00,1
354.43,0.95,0.0,0.0,0.0,0.0,99.03,13.65,初中生,男,6.9,17:00-19:00,18:00-21:00,1
332.26,1.05,1.03,0.0,0.0,0.0,250.01,21.0,大学生,女,4.87,20:30-22:00,18:00-20:00,2
316.17,1.01,0.0,0.0,0.0,4.03,156.93,17.04,高中生,男,6.77,20:00-21:30,18:00-21:00,1
149.27,0.99,0.0,0.0,0.0,0.0,84.07,27.46,教师,男,1.98,20:00-21:30,07:00-09:00,1
259.91,0.98,0.0,0.0,0.0,4.06,438.18,55.47,教师,男,2.02,20:00-21:30,07:00-09:00,1
223.17,1.01,0.0,0.0,0.0,0.0,30.09,62.29,教培机构人员,女,4.05,19:00-21:00,07:00-09:00,1
391.97,0.98,1.03,0.0,0.0,3.76,237.21,17.23,大学生,女,2.8,9:00-11:00,20:00-23:00,2
239.1,0.96,0.0,0.0,0.0,4.95,143.99,13.41,初中生,男,4.76,20:30-22:00,19:00-22:00,1
452.6,1.1,0.0,0.0,0.0,1.96,87.72,12.54,初中生,女,4.94,19:00-21:00,19:00-22:00,1
11.51,1.02,1.02,0.0,0.0,5.3,174.13,44.88,公务员,女,2.9,17:00-19:00,07:00-09:00,2
184.03,0.9,0.0,0.0,0.0,5.79,468.72,15.87,高中生,男,5.07,20:30-22:00,18:00-21:00,1
429.93,1.01,1.01,0.98,1.02,6.55,80.5,15.02,初中生,女,7.26,17:00-19:00,19:00-22:00,0
410.55,0.92,0.95,0.0,0.0,3.92,227.29,18.34,大学生,女,2.97,9:00-11:00,20:00-23:00,2
257.54,1.11,0.0,0.0,0.0,4.89,139.44,14.75,初中生,男,5.75,20:30-22:00,19:00-22:00,1
60.16,1.04,0.94,1.01,0.97,6.78,0.0,21.25,大学生,女,4.99,20:30-22:00,18:00-20:00,0
440.6,0.97,0.97,0.0,0.0,1.87,18.44,39.42,产品经理,女,3.97,17:00-19:00,20:00-22:00,2
11.27,0.9,0.89,0.0,0.0,5.0,173.21,47.94,公务员,女,2.95,17:00-19:00,07:00-09:00,2
354.3,1.04,0.0,0.0,0.0,7.29,48.44,21.83,大学生,女,2.97,17:00-19:00,18:00-20:00,1
405.93,0.92,0.98,1.04,0.0,1.07,104.16,20.71,大学生,男,6.09,20:00-21:30,20:00-23:00,2
223.79,0.99,1.08,0.0,0.0,6.8,56.48,13.81,初中生,男,7.52,9:00-11:00,19:00-22:00,2
407.73,1.07,0.0,0.0,0.0,2.96,176.41,18.49,大学生,男,5.72,9:00-11:00,20:00-23:00,1
538.35,1.03,0.0,0.0,0.0,5.33,440.09,48.96,产品经理,男,2.9,17:00-19:00,20:00-22:00,1
186.09,1.01,0.0,0.0,0.0,6.03,43.25,19.17,大学生,女,5.05,17:00-19:00,18:00-20:00,1
107.85,0.98,1.0,0.0,0.0,5.36,202.31,19.34,高中生,女,4.4,20:00-21:30,18:00-21:00,2
344.76,1.03,0.0,0.0,0.0,6.98,277.31,12.7,初中生,男,5.37,19:00-21:00,19:00-22:00,1
66.23,0.98,0.0,0.0,0.0,1.11,46.23,21.36,大学生,男,6.07,15:00-17:00,20:00-23:00,1
385.84,1.08,0.0,0.0,0.0,0.0,314.0,15.65,高中生,男,5.69,20:00-21:30,18:00-21:00,1
425.25,0.95,0.94,0.0,0.0,2.08,17.99,36.34,产品经理,女,4.09,17:00-19:00,20:00-22:00,2
310.38,1.05,0.0,0.0,0.0,1.0,127.87,50.79,教培机构人员,男,2.09,9:00-11:00,07:00-09:00,1
489.24,1.09,0.0,0.0,0.0,4.82,320.07,17.12,高中生,女,6.06,20:00-21:30,18:00-21:00,1
352.79,1.0,0.0,0.0,0.0,7.06,279.51,12.65,初中生,男,5.37,19:00-21:00,19:00-22:00,1
249.67,0.97,0.0,0.0,0.0,5.13,146.45,13.98,初中生,男,5.52,20:30-22:00,19:00-22:00,1
459.82,1.0,0.95,0.94,1.01,6.94,80.43,13.68,初中生,女,7.32,17:00-19:00,19:00-22:00,0
437.27,1.06,0.0,0.0,0.0,4.61,451.89,40.38,产品经理,男,3.06,17:00-19:00,20:00-22:00,1
121.86,0.95,0.0,0.0,0.0,6.0,181.32,16.58,高中生,女,4.72,17:00-19:00,19:00-22:00,1
59.75,0.98,0.0,0.0,0.0,3.74,209.77,13.63,初中生,女,7.32,20:00-21:30,18:00-21:00,1
398.63,1.05,0.99,0.96,0.95,6.2,9.66,14.46,高中生,女,6.48,9:00-11:00,18:00-21:00,0
380.28,1.03,1.07,0.0,0.0,3.88,118.47,14.22,初中生,女,5.21,20:30-22:00,19:00-22:00,2
79.25,0.92,0.0,0.0,0.0,3.12,132.07,38.37,产品经理,女,3.2,9:00-11:00,20:00-22:00,1
336.1,1.01,0.0,0.0,0.0,0.0,50.23,37.89,销售经理,女,2.98,20:00-21:30,20:00-22:00,1
242.79,0.95,1.02,1.03,0.99,6.97,240.84,43.4,公司职员,女,4.08,17:00-19:00,07:00-09:00,0
308.31,0.9,0.0,0.0,0.0,4.3,168.21,16.42,高中生,男,7.29,20:00-21:30,18:00-21:00,1
116.35,0.99,0.97,0.0,0.0,5.22,223.82,18.53,高中生,女,5.13,20:00-21:30,18:00-21:00,2
229.57,1.07,0.0,0.0,0.0,7.11,21.97,13.53,初中生,女,7.13,19:00-21:00,19:00-22:00,1
391.98,0.96,0.0,0.0,0.0,1.01,251.47,45.02,销售经理,男,0.93,17:00-19:00,07:00-09:00,1
39.99,1.06,0.0,0.0,0.0,2.06,132.93,15.55,高中生,男,5.1,9:00-11:00,19:00-22:00,1
216.65,1.04,0.0,0.0,0.0,7.09,48.67,11.3,初中生,男,6.7,9:00-11:00,19:00-22:00,1
378.66,1.01,1.04,0.0,0.0,4.16,213.11,17.35,大学生,女,2.97,9:00-11:00,20:00-23:00,2
177.53,1.02,0.0,0.0,0.0,4.81,240.23,20.47,大学生,男,4.01,20:30-22:00,18:00-20:00,1
170.45,1.0,0.0,0.0,0.0,5.01,106.89,14.51,初中生,男,6.02,15:00-17:00,19:00-22:00,1
10.56,1.07,1.04,0.0,0.0,4.8,158.77,46.62,公务员,女,3.1,17:00-19:00,07:00-09:00,2
91.43,1.12,0.0,0.0,0.0,1.11,156.14,18.75,大学生,男,4.35,15:00-17:00,18:00-20:00,1
416.23,1.01,0.0,0.0,0.0,0.0,301.26,15.53,高中生,男,5.91,20:00-21:30,18:00-21:00,1
464.89,1.03,0.98,0.98,0.97,6.77,79.71,14.45,初中生,女,7.03,17:00-19:00,19:00-22:00,0
473.87,0.99,0.0,0.0,0.0,1.96,268.08,36.94,公司职员,女,2.98,20:00-21:30,07:00-09:00,1
411.35,0.9,0.0,0.0,0.0,6.89,47.45,22.21,大学生,女,2.97,17:00-19:00,18:00-20:00,1
155.86,1.08,0.0,0.0,0.0,0.99,206.78,26.79,自由职业者,女,2.91,15:00-17:00,07:00-09:00,1
147.12,1.02,0.0,0.0,0.0,4.07,207.11,20.51,大学生,男,4.17,20:00-21:30,20:00-23:00,1
134.5,0.95,0.0,0.0,0.0,0.97,192.18,11.99,初中生,男,6.27,20:00-21:30,19:00-22:00,1
16.23,0.98,0.0,0.0,0.0,3.71,19.22,15.71,高中生,女,5.41,9:00-11:00,19:00-22:00,1
182.03,0.97,0.0,0.0,0.0,6.29,126.03,58.7,教培机构人员,男,1.0,20:00-21:30,07:00-09:00,1
0.96,1.07,0.0,0.0,0.0,1.99,158.26,14.7,初中生,女,6.94,17:00-19:00,19:00-22:00,1
220.99,0.91,0.0,0.0,0.0,2.86,38.66,15.24,高中生,女,6.66,17:00-19:00,18:00-21:00,1
510.97,1.03,1.04,0.0,0.0,7.31,255.46,44.92,公务员,女,1.9,9:00-11:00,07:00-09:00,2
514.58,0.98,0.0,0.0,0.0,0.89,151.67,48.81,销售经理,男,2.0,9:00-11:00,20:00-22:00,1
308.44,1.02,0.0,0.0,0.0,3.12,114.91,13.5,初中生,男,5.81,20:00-21:30,19:00-22:00,1
180.23,1.01,0.0,0.0,0.0,6.1,50.0,17.8,大学生,女,4.94,17:00-19:00,18:00-20:00,1
285.05,0.99,0.0,0.0,0.0,1.0,620.81,36.23,教培机构人员,女,2.97,9:00-11:00,07:00-09:00,1
289.72,1.03,0.0,0.0,0.0,4.07,467.12,54.41,教师,男,1.82,20:00-21:30,07:00-09:00,1
346.24,0.99,0.0,0.0,0.0,7.22,195.2,11.73,初中生,女,5.13,17:00-19:00,18:00-21:00,1
398.01,1.02,1.01,0.0,0.0,3.97,117.67,14.07,初中生,女,5.1,20:30-22:00,19:00-22:00,2
473.24,1.02,0.0,0.0,0.0,5.04,433.88,44.94,产品经理,男,2.85,17:00-19:00,20:00-22:00,1
174.28,1.01,0.0,0.0,0.0,5.97,46.81,17.42,大学生,女,5.17,17:00-19:00,18:00-20:00,1
235.31,0.91,1.09,0.0,0.0,6.89,55.78,12.95,初中生,男,7.58,9:00-11:00,19:00-22:00,2
59.25,0.94,0.0,0.0,0.0,4.03,229.82,14.1,初中生,女,7.52,20:00-21:30,18:00-21:00,1
459.95,1.04,0.95,1.04,0.95,0.0,65.88,15.69,高中生,女,5.01,9:00-11:00,19:00-22:00,0
386.18,1.04,0.0,0.0,0.0,0.0,294.33,14.66,高中生,男,6.03,20:00-21:30,18:00-21:00,1
496.72,1.04,0.0,0.0,0.0,4.72,305.6,16.43,高中生,女,6.1,20:00-21:30,18:00-21:00,1
231.93,1.13,1.07,0.0,0.0,7.09,56.27,14.05,初中生,男,6.94,9:00-11:00,19:00-22:00,2
247.91,1.01,0.0,0.0,0.0,4.71,381.87,35.85,销售经理,男,0.91,9:00-11:00,07:00-09:00,1
61.84,1.03,0.0,0.0,0.0,3.06,233.24,62.53,教师,女,2.93,9:00-11:00,12:00-14:00,1
485.24,0.92,0.0,0.0,0.0,4.79,332.24,16.57,高中生,女,6.09,20:00-21:30,18:00-21:00,1
473.72,0.97,0.0,0.0,0.0,5.21,345.4,17.71,高中生,女,6.35,20:00-21:30,18:00-21:00,1
56.47,0.96,0.0,0.0,0.0,3.68,234.43,13.91,初中生,女,6.87,20:00-21:30,18:00-21:00,1
339.1,0.97,1.06,0.0,0.0,0.0,251.22,22.27,大学生,女,5.06,20:30-22:00,18:00-20:00,2
330.8,0.96,0.97,0.0,0.0,2.96,77.58,30.3,运营人员,男,4.14,15:00-17:00,20:00-22:00,2
175.47,1.0,0.0,0.0,0.0,5.2,262.8,22.01,大学生,男,3.96,20:30-22:00,18:00-20:00,1
154.37,0.92,1.05,0.0,0.0,5.65,99.04,41.45,运营人员,男,2.13,17:00-19:00,07:00-09:00,2
329.25,1.01,0.0,0.0,0.0,0.94,629.18,37.11,教培机构人员,女,2.82,9:00-11:00,07:00-09:00,1
280.09,0.94,0.0,0.0,0.0,1.0,123.62,45.7,教培机构人员,男,1.91,9:00-11:00,07:00-09:00,1
414.85,1.02,0.0,0.0,0.0,6.84,43.15,23.2,大学生,女,3.17,17:00-19:00,18:00-20:00,1
396.76,1.01,1.06,0.96,0.0,1.07,109.71,20.19,大学生,男,6.43,20:00-21:30,20:00-23:00,2
192.34,1.05,0.0,0.0,0.0,3.12,41.02,15.94,高中生,女,6.57,17:00-19:00,18:00-21:00,1
62.09,0.96,1.05,0.93,0.99,7.51,0.0,21.3,大学生,女,4.9,20:30-22:00,18:00-20:00,0
400.99,0.95,0.0,0.0,0.0,7.14,49.18,20.77,大学生,女,2.91,17:00-19:00,18:00-20:00,1
205.54,0.99,0.0,0.0,0.0,0.97,3.25,12.69,初中生,男,5.02,17:00-19:00,18:00-21:00,1
74.12,1.02,1.01,0.0,0.0,6.22,35.66,13.78,初中生,男,6.95,20:30-22:00,18:00-21:00,2
454.75,1.07,0.0,0.0,0.0,2.05,91.71,12.79,初中生,女,5.0,19:00-21:00,19:00-22:00,1
366.27,0.89,1.04,1.05,1.0,2.05,32.72,19.39,大学生,女,5.83,9:00-11:00,18:00-20:00,0
351.64,1.01,0.0,0.0,0.0,4.73,94.13,14.67,初中生,女,6.89,9:00-11:00,18:00-21:00,1
125.96,1.01,0.0,0.0,0.0,5.65,197.18,15.86,高中生,女,5.01,17:00-19:00,19:00-22:00,1
11.36,1.01,0.96,0.0,0.0,5.3,172.25,46.64,公务员,女,3.12,17:00-19:00,07:00-09:00,2
380.69,1.01,0.0,0.0,0.0,6.49,91.76,21.17,大学生,男,5.12,9:00-11:00,20:00-23:00,1
304.24,0.96,1.02,0.99,0.0,4.99,176.35,14.93,初中生,女,7.53,9:00-11:00,18:00-21:00,2
374.0,1.01,0.96,0.0,0.0,2.95,80.47,30.97,运营人员,男,3.89,15:00-17:00,20:00-22:00,2
468.24,0.95,0.94,0.0,0.0,7.22,235.6,43.2,公务员,女,2.0,9:00-11:00,07:00-09:00,2
464.72,0.92,0.0,0.0,0.0,2.01,271.29,34.27,公司职员,女,3.16,20:00-21:30,07:00-09:00,1
227.37,1.03,0.0,0.0,0.0,0.0,31.46,53.74,教培机构人员,女,4.13,19:00-21:00,07:00-09:00,1
497.12,0.96,0.0,0.0,0.0,7.0,81.4,12.98,初中生,男,6.23,20:00-21:30,19:00-22:00,1
313.29,0.97,0.0,0.0,0.0,3.89,188.88,16.09,高中生,男,7.16,20:00-21:30,18:00-21:00,1
237.48,1.05,0.99,0.0,0.0,6.71,54.92,14.7,初中生,男,6.7,9:00-11:00,19:00-22:00,2
483.6,0.94,0.0,0.0,0.0,7.41,80.15,13.73,初中生,男,6.11,20:00-21:30,19:00-22:00,1
261.01,1.03,0.0,0.0,0.0,3.96,487.64,56.51,教师,男,1.79,20:00-21:30,07:00-09:00,1
484.86,1.03,0.0,0.0,0.0,4.89,328.47,16.04,高中生,女,6.13,20:00-21:30,18:00-21:00,1
436.61,1.06,0.0,0.0,0.0,5.56,98.26,19.03,大学生,男,5.15,9:00-11:00,20:00-23:00,1
251.25,0.98,1.06,0.95,1.06,7.26,258.19,38.5,公司职员,女,4.03,17:00-19:00,07:00-09:00,0
256.69,1.01,1.11,1.01,0.95,7.13,250.75,42.91,公司职员,女,4.08,17:00-19:00,07:00-09:00,0
217.93,0.96,0.0,0.0,0.0,5.46,347.09,37.66,销售经理,男,0.98,9:00-11:00,07:00-09:00,1
369.86,1.06,1.02,0.99,0.95,6.38,9.44,14.01,高中生,女,7.11,9:00-11:00,18:00-21:00,0
249.81,1.04,0.0,0.0,0.0,7.76,23.4,12.4,初中生,女,6.97,19:00-21:00,19:00-22:00,1
392.9,0.98,0.0,0.0,0.0,3.07,185.94,15.5,初中生,女,6.69,17:00-19:00,19:00-22:00,1
181.72,1.04,1.03,0.0,0.0,7.51,279.12,33.91,教培机构人员,女,3.81,17:00-19:00,07:00-09:00,2
467.11,1.02,0.0,0.0,0.0,5.03,300.44,17.38,高中生,女,5.7,20:00-21:30,18:00-21:00,1
206.59,0.93,1.05,0.0,0.0,7.3,250.53,37.15,教培机构人员,女,4.13,17:00-19:00,07:00-09:00,2
216.71,0.9,0.0,0.0,0.0,1.05,60.57,18.4,高中生,男,7.18,17:00-19:00,18:00-21:00,1
326.27,0.93,1.02,0.97,0.99,1.99,33.72,21.89,大学生,女,5.65,9:00-11:00,18:00-20:00,0
41.03,1.01,0.0,0.0,0.0,2.16,128.2,14.95,高中生,男,5.31,9:00-11:00,19:00-22:00,1
150.39,0.96,0.0,0.0,0.0,0.97,1.03,15.97,高中生,男,6.21,9:00-11:00,19:00-22:00,1
206.1,0.98,0.99,0.0,0.0,7.2,272.02,30.88,教培机构人员,女,4.0,17:00-19:00,07:00-09:00,2
487.86,1.07,0.92,0.0,0.0,6.83,237.77,47.3,公务员,女,1.84,9:00-11:00,07:00-09:00,2
292.26,0.93,0.0,0.0,0.0,3.76,62.11,23.49,大学生,女,4.09,20:00-21:30,18:00-20:00,1
386.18,0.97,0.0,0.0,0.0,0.0,96.47,14.33,初中生,男,6.5,17:00-19:00,18:00-21:00,1
214.49,0.94,0.97,0.0,0.0,7.06,62.05,14.72,初中生,男,7.58,9:00-11:00,19:00-22:00,2
33.97,0.96,1.0,0.0,0.0,7.44,280.73,14.39,高中生,女,4.91,17:00-19:00,19:00-22:00,2
56.19,1.03,0.0,0.0,0.0,2.82,242.23,50.34,教师,女,3.0,9:00-11:00,12:00-14:00,1
371.42,1.11,1.0,0.0,0.0,4.18,224.44,18.91,大学生,女,2.99,9:00-11:00,20:00-23:00,2
364.53,0.99,0.0,0.0,0.0,7.46,278.23,12.73,初中生,男,5.13,19:00-21:00,19:00-22:00,1
